index,filename,asset_type,dimensions_aspect,visual_description,likely_source_category,transparency_background,duplicate_variant,strongest_breakspider_use,alternate_uses,treatment,placement
1,7skwvvlo6v251.png,PNG,1280 × 720 (1.78:1),"White, orange and neon green winged character bust with sunglasses and cog emblem",Unidentified character illustration / original provenance unverified,Transparent/cutout,Related character/sprite sheet: kpno5i2ts3y31.png,Personal-profile illustration if it represents the creator,Sketchbook character art; decorative reserve,Crop and reduce neon contrast; clarify provenance,deeper-page candidate
2,Aqua's_Wayfinder_(Art).webp,WEBP,251 × 329 (0.76:1),Blue star-shaped charm and ribbon,Kingdom Hearts / licensed game artwork,Transparent/cutout,Color/silhouette family with Terra/Ventus art and in-game icons,Decorative reserve for a personal inspiration page,Collectible trinket reference,Use as reference for an original charm; downscale,decorative reserve
3,avatars/defaultavatar.png,PNG,64 × 64 (1.00:1),Black bust silhouette on charcoal square with small yellow question mark,Custom/default visitor profile sprite,Opaque/baked background,—,Default visitor avatar in sticky header and profile,Collection empty state,Use as-is at 36/64 px; verify contrast on chosen page background,homepage candidate
4,avatars/survivor_01_r1c1.png,PNG,128 × 128 (1.00:1),Armored orange/red astronaut with weapon,Risk of Rain Returns / licensed survivor portrait crop,Opaque square; dark painted background included,One of 15 distinct portraits from the same source sheet,Unlockable visitor avatar,Profile preview; personal inspiration reserve,Use square crop as-is at 64–128 px; consider original avatars over time,collectible candidate
5,avatars/survivor_02_r1c2.png,PNG,128 × 128 (1.00:1),Dark armored survivor with blue electric arc,Risk of Rain Returns / licensed survivor portrait crop,Opaque square; dark painted background included,One of 15 distinct portraits from the same source sheet,Unlockable visitor avatar,Profile preview; personal inspiration reserve,Use square crop as-is at 64–128 px; consider original avatars over time,collectible candidate
6,avatars/survivor_03_r1c3.png,PNG,128 × 128 (1.00:1),Heavy armored gunner aiming wide rifle,Risk of Rain Returns / licensed survivor portrait crop,Opaque square; dark painted background included,One of 15 distinct portraits from the same source sheet,Unlockable visitor avatar,Profile preview; personal inspiration reserve,Use square crop as-is at 64–128 px; consider original avatars over time,collectible candidate
7,avatars/survivor_04_r1c4.png,PNG,128 × 128 (1.00:1),Hooded masked gunfighter with long gun,Risk of Rain Returns / licensed survivor portrait crop,Opaque square; dark painted background included,One of 15 distinct portraits from the same source sheet,Unlockable visitor avatar,Profile preview; personal inspiration reserve,Use square crop as-is at 64–128 px; consider original avatars over time,collectible candidate
8,avatars/survivor_05_r2c1.png,PNG,128 × 128 (1.00:1),Blue/gray robotic survivor with round eye,Risk of Rain Returns / licensed survivor portrait crop,Opaque square; dark painted background included,One of 15 distinct portraits from the same source sheet,Unlockable visitor avatar,Profile preview; personal inspiration reserve,Use square crop as-is at 64–128 px; consider original avatars over time,collectible candidate
9,avatars/survivor_06_r2c2.png,PNG,128 × 128 (1.00:1),Purple cloaked survivor with rifle,Risk of Rain Returns / licensed survivor portrait crop,Opaque square; dark painted background included,One of 15 distinct portraits from the same source sheet,Unlockable visitor avatar,Profile preview; personal inspiration reserve,Use square crop as-is at 64–128 px; consider original avatars over time,collectible candidate
10,avatars/survivor_07_r2c3.png,PNG,128 × 128 (1.00:1),Green masked survivor with glowing drone,Risk of Rain Returns / licensed survivor portrait crop,Opaque square; dark painted background included,One of 15 distinct portraits from the same source sheet,Unlockable visitor avatar,Profile preview; personal inspiration reserve,Use square crop as-is at 64–128 px; consider original avatars over time,collectible candidate
11,avatars/survivor_08_r2c4.png,PNG,128 × 128 (1.00:1),Yellow hooded sharpshooter with long gun,Risk of Rain Returns / licensed survivor portrait crop,Opaque square; dark painted background included,One of 15 distinct portraits from the same source sheet,Unlockable visitor avatar,Profile preview; personal inspiration reserve,Use square crop as-is at 64–128 px; consider original avatars over time,collectible candidate
12,avatars/survivor_09_r3c1.png,PNG,128 × 128 (1.00:1),Red-haired masked character with scarf,Risk of Rain Returns / licensed survivor portrait crop,Opaque square; dark painted background included,One of 15 distinct portraits from the same source sheet,Unlockable visitor avatar,Profile preview; personal inspiration reserve,Use square crop as-is at 64–128 px; consider original avatars over time,collectible candidate
13,avatars/survivor_10_r3c2.png,PNG,128 × 128 (1.00:1),Blue-black armored character with glowing blade,Risk of Rain Returns / licensed survivor portrait crop,Opaque square; dark painted background included,One of 15 distinct portraits from the same source sheet,Unlockable visitor avatar,Profile preview; personal inspiration reserve,Use square crop as-is at 64–128 px; consider original avatars over time,collectible candidate
14,avatars/survivor_11_r3c3.png,PNG,128 × 128 (1.00:1),Large yellow armored construct with bright blue head,Risk of Rain Returns / licensed survivor portrait crop,Opaque square; dark painted background included,One of 15 distinct portraits from the same source sheet,Unlockable visitor avatar,Profile preview; personal inspiration reserve,Use square crop as-is at 64–128 px; consider original avatars over time,collectible candidate
15,avatars/survivor_12_r3c4.png,PNG,128 × 128 (1.00:1),Dark robot with white visor and red detail,Risk of Rain Returns / licensed survivor portrait crop,Opaque square; dark painted background included,One of 15 distinct portraits from the same source sheet,Unlockable visitor avatar,Profile preview; personal inspiration reserve,Use square crop as-is at 64–128 px; consider original avatars over time,collectible candidate
16,avatars/survivor_13_r4c1.png,PNG,128 × 128 (1.00:1),Green hooded gunfighter with red eye,Risk of Rain Returns / licensed survivor portrait crop,Opaque square; dark painted background included,One of 15 distinct portraits from the same source sheet,Unlockable visitor avatar,Profile preview; personal inspiration reserve,Use square crop as-is at 64–128 px; consider original avatars over time,collectible candidate
17,avatars/survivor_14_r4c2.png,PNG,128 × 128 (1.00:1),Purple/white robed survivor amid sparks,Risk of Rain Returns / licensed survivor portrait crop,Opaque square; dark painted background included,One of 15 distinct portraits from the same source sheet,Unlockable visitor avatar,Profile preview; personal inspiration reserve,Use square crop as-is at 64–128 px; consider original avatars over time,collectible candidate
18,avatars/survivor_15_r4c3.png,PNG,128 × 128 (1.00:1),Traveler in rocky snow landscape,Risk of Rain Returns / licensed survivor portrait crop,Opaque square; dark painted background included,One of 15 distinct portraits from the same source sheet,Unlockable visitor avatar,Profile preview; personal inspiration reserve,Use square crop as-is at 64–128 px; consider original avatars over time,collectible candidate
19,badge sprites/badge_01_r01_c01.png,PNG,56 × 56 (1.00:1),Pixel badge #1: Gray faceted stone,Pokémon gym/trial badge sprite collection / licensed game derived,Transparent/cutout,One of 54 distinct badges; visually related series; no exact duplicate known,Collection badge candidate,Small profile emblem; artifact-pile scrap,Use native pixel scale; consider original Breakspider unlock designs before public release,collectible candidate
20,badge sprites/badge_02_r01_c02.png,PNG,44 × 56 (0.79:1),Pixel badge #2: Blue water droplet,Pokémon gym/trial badge sprite collection / licensed game derived,Transparent/cutout,One of 54 distinct badges; visually related series; no exact duplicate known,Collection badge candidate,Small profile emblem; artifact-pile scrap,Use native pixel scale; consider original Breakspider unlock designs before public release,collectible candidate
21,badge sprites/badge_03_r01_c03.png,PNG,64 × 64 (1.00:1),Pixel badge #3: Gold sunburst gem,Pokémon gym/trial badge sprite collection / licensed game derived,Transparent/cutout,One of 54 distinct badges; visually related series; no exact duplicate known,Collection badge candidate,Small profile emblem; artifact-pile scrap,Use native pixel scale; consider original Breakspider unlock designs before public release,collectible candidate
22,badge sprites/badge_04_r01_c04.png,PNG,64 × 64 (1.00:1),Pixel badge #4: Four-color flower/medallion,Pokémon gym/trial badge sprite collection / licensed game derived,Transparent/cutout,One of 54 distinct badges; visually related series; no exact duplicate known,Collection badge candidate,Small profile emblem; artifact-pile scrap,Use native pixel scale; consider original Breakspider unlock designs before public release,collectible candidate
23,badge sprites/badge_05_r01_c05.png,PNG,56 × 56 (1.00:1),Pixel badge #5: Magenta heart,Pokémon gym/trial badge sprite collection / licensed game derived,Transparent/cutout,One of 54 distinct badges; visually related series; no exact duplicate known,Collection badge candidate,Small profile emblem; artifact-pile scrap,Use native pixel scale; consider original Breakspider unlock designs before public release,collectible candidate
24,badge sprites/badge_06_r01_c06.png,PNG,56 × 56 (1.00:1),Pixel badge #6: Gold coin/disc,Pokémon gym/trial badge sprite collection / licensed game derived,Transparent/cutout,One of 54 distinct badges; visually related series; no exact duplicate known,Collection badge candidate,Small profile emblem; artifact-pile scrap,Use native pixel scale; consider original Breakspider unlock designs before public release,collectible candidate
25,badge sprites/badge_07_r01_c07.png,PNG,52 × 60 (0.87:1),Pixel badge #7: Red flame,Pokémon gym/trial badge sprite collection / licensed game derived,Transparent/cutout,One of 54 distinct badges; visually related series; no exact duplicate known,Collection badge candidate,Small profile emblem; artifact-pile scrap,Use native pixel scale; consider original Breakspider unlock designs before public release,collectible candidate
26,badge sprites/badge_08_r01_c08.png,PNG,64 × 64 (1.00:1),Pixel badge #8: Green leaf/rod,Pokémon gym/trial badge sprite collection / licensed game derived,Transparent/cutout,One of 54 distinct badges; visually related series; no exact duplicate known,Collection badge candidate,Small profile emblem; artifact-pile scrap,Use native pixel scale; consider original Breakspider unlock designs before public release,collectible candidate
27,badge sprites/badge_09_r02_c01.png,PNG,64 × 64 (1.00:1),Pixel badge #9: Pale icy column,Pokémon gym/trial badge sprite collection / licensed game derived,Transparent/cutout,One of 54 distinct badges; visually related series; no exact duplicate known,Collection badge candidate,Small profile emblem; artifact-pile scrap,Use native pixel scale; consider original Breakspider unlock designs before public release,collectible candidate
28,badge sprites/badge_10_r02_c02.png,PNG,64 × 64 (1.00:1),Pixel badge #10: Red round crest,Pokémon gym/trial badge sprite collection / licensed game derived,Transparent/cutout,One of 54 distinct badges; visually related series; no exact duplicate known,Collection badge candidate,Small profile emblem; artifact-pile scrap,Use native pixel scale; consider original Breakspider unlock designs before public release,collectible candidate
29,badge sprites/badge_11_r02_c03.png,PNG,64 × 64 (1.00:1),Pixel badge #11: Yellow diamond,Pokémon gym/trial badge sprite collection / licensed game derived,Transparent/cutout,One of 54 distinct badges; visually related series; no exact duplicate known,Collection badge candidate,Small profile emblem; artifact-pile scrap,Use native pixel scale; consider original Breakspider unlock designs before public release,collectible candidate
30,badge sprites/badge_12_r02_c04.png,PNG,64 × 64 (1.00:1),Pixel badge #12: Blue-purple orb,Pokémon gym/trial badge sprite collection / licensed game derived,Transparent/cutout,One of 54 distinct badges; visually related series; no exact duplicate known,Collection badge candidate,Small profile emblem; artifact-pile scrap,Use native pixel scale; consider original Breakspider unlock designs before public release,collectible candidate
31,badge sprites/badge_13_r02_c05.png,PNG,64 × 56 (1.14:1),Pixel badge #13: Brown fist,Pokémon gym/trial badge sprite collection / licensed game derived,Transparent/cutout,One of 54 distinct badges; visually related series; no exact duplicate known,Collection badge candidate,Small profile emblem; artifact-pile scrap,Use native pixel scale; consider original Breakspider unlock designs before public release,collectible candidate
32,badge sprites/badge_14_r02_c06.png,PNG,64 × 64 (1.00:1),Pixel badge #14: Silver rectangular mirror,Pokémon gym/trial badge sprite collection / licensed game derived,Transparent/cutout,One of 54 distinct badges; visually related series; no exact duplicate known,Collection badge candidate,Small profile emblem; artifact-pile scrap,Use native pixel scale; consider original Breakspider unlock designs before public release,collectible candidate
33,badge sprites/badge_15_r02_c07.png,PNG,64 × 64 (1.00:1),Pixel badge #15: Blue snowflake disc,Pokémon gym/trial badge sprite collection / licensed game derived,Transparent/cutout,One of 54 distinct badges; visually related series; no exact duplicate known,Collection badge candidate,Small profile emblem; artifact-pile scrap,Use native pixel scale; consider original Breakspider unlock designs before public release,collectible candidate
34,badge sprites/badge_16_r02_c08.png,PNG,64 × 64 (1.00:1),Pixel badge #16: Black red-eyed head,Pokémon gym/trial badge sprite collection / licensed game derived,Transparent/cutout,One of 54 distinct badges; visually related series; no exact duplicate known,Collection badge candidate,Small profile emblem; artifact-pile scrap,Use native pixel scale; consider original Breakspider unlock designs before public release,collectible candidate
35,badge sprites/badge_17_r03_c01.png,PNG,64 × 56 (1.14:1),Pixel badge #17: Yellow bolt,Pokémon gym/trial badge sprite collection / licensed game derived,Transparent/cutout,One of 54 distinct badges; visually related series; no exact duplicate known,Collection badge candidate,Small profile emblem; artifact-pile scrap,Use native pixel scale; consider original Breakspider unlock designs before public release,collectible candidate
36,badge sprites/badge_18_r03_c02.png,PNG,56 × 48 (1.17:1),Pixel badge #18: Blue small orb,Pokémon gym/trial badge sprite collection / licensed game derived,Transparent/cutout,One of 54 distinct badges; visually related series; no exact duplicate known,Collection badge candidate,Small profile emblem; artifact-pile scrap,Use native pixel scale; consider original Breakspider unlock designs before public release,collectible candidate
37,badge sprites/badge_19_r03_c03.png,PNG,56 × 56 (1.00:1),Pixel badge #19: Yellow spiral/compass,Pokémon gym/trial badge sprite collection / licensed game derived,Transparent/cutout,One of 54 distinct badges; visually related series; no exact duplicate known,Collection badge candidate,Small profile emblem; artifact-pile scrap,Use native pixel scale; consider original Breakspider unlock designs before public release,collectible candidate
38,badge sprites/badge_20_r03_c04.png,PNG,64 × 64 (1.00:1),Pixel badge #20: Red curving flame,Pokémon gym/trial badge sprite collection / licensed game derived,Transparent/cutout,One of 54 distinct badges; visually related series; no exact duplicate known,Collection badge candidate,Small profile emblem; artifact-pile scrap,Use native pixel scale; consider original Breakspider unlock designs before public release,collectible candidate
39,badge sprites/badge_21_r03_c05.png,PNG,64 × 64 (1.00:1),Pixel badge #21: Gray linked rings,Pokémon gym/trial badge sprite collection / licensed game derived,Transparent/cutout,One of 54 distinct badges; visually related series; no exact duplicate known,Collection badge candidate,Small profile emblem; artifact-pile scrap,Use native pixel scale; consider original Breakspider unlock designs before public release,collectible candidate
40,badge sprites/badge_22_r03_c06.png,PNG,56 × 64 (0.88:1),Pixel badge #22: Pale aqua wing/fin,Pokémon gym/trial badge sprite collection / licensed game derived,Transparent/cutout,One of 54 distinct badges; visually related series; no exact duplicate known,Collection badge candidate,Small profile emblem; artifact-pile scrap,Use native pixel scale; consider original Breakspider unlock designs before public release,collectible candidate
41,badge sprites/badge_23_r03_c07.png,PNG,64 × 56 (1.14:1),Pixel badge #23: Purple split heart,Pokémon gym/trial badge sprite collection / licensed game derived,Transparent/cutout,One of 54 distinct badges; visually related series; no exact duplicate known,Collection badge candidate,Small profile emblem; artifact-pile scrap,Use native pixel scale; consider original Breakspider unlock designs before public release,collectible candidate
42,badge sprites/badge_24_r03_c08.png,PNG,64 × 64 (1.00:1),Pixel badge #24: Three blue droplets,Pokémon gym/trial badge sprite collection / licensed game derived,Transparent/cutout,One of 54 distinct badges; visually related series; no exact duplicate known,Collection badge candidate,Small profile emblem; artifact-pile scrap,Use native pixel scale; consider original Breakspider unlock designs before public release,collectible candidate
43,badge sprites/badge_25_r04_c01.png,PNG,64 × 64 (1.00:1),Pixel badge #25: Brown round stone,Pokémon gym/trial badge sprite collection / licensed game derived,Transparent/cutout,One of 54 distinct badges; visually related series; no exact duplicate known,Collection badge candidate,Small profile emblem; artifact-pile scrap,Use native pixel scale; consider original Breakspider unlock designs before public release,collectible candidate
44,badge sprites/badge_26_r04_c02.png,PNG,64 × 64 (1.00:1),Pixel badge #26: Green diamond cluster,Pokémon gym/trial badge sprite collection / licensed game derived,Transparent/cutout,One of 54 distinct badges; visually related series; no exact duplicate known,Collection badge candidate,Small profile emblem; artifact-pile scrap,Use native pixel scale; consider original Breakspider unlock designs before public release,collectible candidate
45,badge sprites/badge_27_r04_c03.png,PNG,64 × 64 (1.00:1),Pixel badge #27: Orange faceted diamond,Pokémon gym/trial badge sprite collection / licensed game derived,Transparent/cutout,One of 54 distinct badges; visually related series; no exact duplicate known,Collection badge candidate,Small profile emblem; artifact-pile scrap,Use native pixel scale; consider original Breakspider unlock designs before public release,collectible candidate
46,badge sprites/badge_28_r04_c04.png,PNG,64 × 64 (1.00:1),Pixel badge #28: Blue liquid capsule,Pokémon gym/trial badge sprite collection / licensed game derived,Transparent/cutout,One of 54 distinct badges; visually related series; no exact duplicate known,Collection badge candidate,Small profile emblem; artifact-pile scrap,Use native pixel scale; consider original Breakspider unlock designs before public release,collectible candidate
47,badge sprites/badge_29_r04_c05.png,PNG,64 × 64 (1.00:1),Pixel badge #29: Pale purple three-prong emblem,Pokémon gym/trial badge sprite collection / licensed game derived,Transparent/cutout,One of 54 distinct badges; visually related series; no exact duplicate known,Collection badge candidate,Small profile emblem; artifact-pile scrap,Use native pixel scale; consider original Breakspider unlock designs before public release,collectible candidate
48,badge sprites/badge_30_r04_c06.png,PNG,64 × 64 (1.00:1),Pixel badge #30: Orange crystal pendant,Pokémon gym/trial badge sprite collection / licensed game derived,Transparent/cutout,One of 54 distinct badges; visually related series; no exact duplicate known,Collection badge candidate,Small profile emblem; artifact-pile scrap,Use native pixel scale; consider original Breakspider unlock designs before public release,collectible candidate
49,badge sprites/badge_31_r04_c07.png,PNG,64 × 64 (1.00:1),Pixel badge #31: Blue flask,Pokémon gym/trial badge sprite collection / licensed game derived,Transparent/cutout,One of 54 distinct badges; visually related series; no exact duplicate known,Collection badge candidate,Small profile emblem; artifact-pile scrap,Use native pixel scale; consider original Breakspider unlock designs before public release,collectible candidate
50,badge sprites/badge_32_r04_c08.png,PNG,64 × 64 (1.00:1),Pixel badge #32: Yellow capsule/jar,Pokémon gym/trial badge sprite collection / licensed game derived,Transparent/cutout,One of 54 distinct badges; visually related series; no exact duplicate known,Collection badge candidate,Small profile emblem; artifact-pile scrap,Use native pixel scale; consider original Breakspider unlock designs before public release,collectible candidate
51,badge sprites/badge_33_r05_c01.png,PNG,64 × 56 (1.14:1),Pixel badge #33: Pink eye disc,Pokémon gym/trial badge sprite collection / licensed game derived,Transparent/cutout,One of 54 distinct badges; visually related series; no exact duplicate known,Collection badge candidate,Small profile emblem; artifact-pile scrap,Use native pixel scale; consider original Breakspider unlock designs before public release,collectible candidate
52,badge sprites/badge_34_r05_c02.png,PNG,60 × 56 (1.07:1),Pixel badge #34: White/red claw or eye,Pokémon gym/trial badge sprite collection / licensed game derived,Transparent/cutout,One of 54 distinct badges; visually related series; no exact duplicate known,Collection badge candidate,Small profile emblem; artifact-pile scrap,Use native pixel scale; consider original Breakspider unlock designs before public release,collectible candidate
53,badge sprites/badge_35_r05_c03.png,PNG,64 × 64 (1.00:1),Pixel badge #35: Tan insect/pendant,Pokémon gym/trial badge sprite collection / licensed game derived,Transparent/cutout,One of 54 distinct badges; visually related series; no exact duplicate known,Collection badge candidate,Small profile emblem; artifact-pile scrap,Use native pixel scale; consider original Breakspider unlock designs before public release,collectible candidate
54,badge sprites/badge_36_r05_c04.png,PNG,60 × 68 (0.88:1),Pixel badge #36: Dark purple vial,Pokémon gym/trial badge sprite collection / licensed game derived,Transparent/cutout,One of 54 distinct badges; visually related series; no exact duplicate known,Collection badge candidate,Small profile emblem; artifact-pile scrap,Use native pixel scale; consider original Breakspider unlock designs before public release,collectible candidate
55,badge sprites/badge_37_r05_c07.png,PNG,64 × 64 (1.00:1),Pixel badge #37: Purple/gold wand,Pokémon gym/trial badge sprite collection / licensed game derived,Transparent/cutout,One of 54 distinct badges; visually related series; no exact duplicate known,Collection badge candidate,Small profile emblem; artifact-pile scrap,Use native pixel scale; consider original Breakspider unlock designs before public release,collectible candidate
56,badge sprites/badge_38_r05_c08.png,PNG,64 × 64 (1.00:1),Pixel badge #38: Blue/gold plume,Pokémon gym/trial badge sprite collection / licensed game derived,Transparent/cutout,One of 54 distinct badges; visually related series; no exact duplicate known,Collection badge candidate,Small profile emblem; artifact-pile scrap,Use native pixel scale; consider original Breakspider unlock designs before public release,collectible candidate
57,badge sprites/badge_39_r06_c01.png,PNG,64 × 64 (1.00:1),Pixel badge #39: Green/orange feather,Pokémon gym/trial badge sprite collection / licensed game derived,Transparent/cutout,One of 54 distinct badges; visually related series; no exact duplicate known,Collection badge candidate,Small profile emblem; artifact-pile scrap,Use native pixel scale; consider original Breakspider unlock designs before public release,collectible candidate
58,badge sprites/badge_40_r06_c02.png,PNG,64 × 64 (1.00:1),Pixel badge #40: Purple/orange feather,Pokémon gym/trial badge sprite collection / licensed game derived,Transparent/cutout,One of 54 distinct badges; visually related series; no exact duplicate known,Collection badge candidate,Small profile emblem; artifact-pile scrap,Use native pixel scale; consider original Breakspider unlock designs before public release,collectible candidate
59,badge sprites/badge_41_r06_c03.png,PNG,64 × 64 (1.00:1),Pixel badge #41: Green/yellow feather,Pokémon gym/trial badge sprite collection / licensed game derived,Transparent/cutout,One of 54 distinct badges; visually related series; no exact duplicate known,Collection badge candidate,Small profile emblem; artifact-pile scrap,Use native pixel scale; consider original Breakspider unlock designs before public release,collectible candidate
60,badge sprites/badge_42_r06_c04.png,PNG,68 × 64 (1.06:1),Pixel badge #42: Yellow/orange feather,Pokémon gym/trial badge sprite collection / licensed game derived,Transparent/cutout,One of 54 distinct badges; visually related series; no exact duplicate known,Collection badge candidate,Small profile emblem; artifact-pile scrap,Use native pixel scale; consider original Breakspider unlock designs before public release,collectible candidate
61,badge sprites/badge_43_r06_c05.png,PNG,64 × 64 (1.00:1),Pixel badge #43: Gold striped feather,Pokémon gym/trial badge sprite collection / licensed game derived,Transparent/cutout,One of 54 distinct badges; visually related series; no exact duplicate known,Collection badge candidate,Small profile emblem; artifact-pile scrap,Use native pixel scale; consider original Breakspider unlock designs before public release,collectible candidate
62,badge sprites/badge_44_r06_c06.png,PNG,64 × 64 (1.00:1),Pixel badge #44: Cyan crescent feather,Pokémon gym/trial badge sprite collection / licensed game derived,Transparent/cutout,One of 54 distinct badges; visually related series; no exact duplicate known,Collection badge candidate,Small profile emblem; artifact-pile scrap,Use native pixel scale; consider original Breakspider unlock designs before public release,collectible candidate
63,badge sprites/badge_45_r06_c07.png,PNG,64 × 64 (1.00:1),Pixel badge #45: Pale yellow wing feather,Pokémon gym/trial badge sprite collection / licensed game derived,Transparent/cutout,One of 54 distinct badges; visually related series; no exact duplicate known,Collection badge candidate,Small profile emblem; artifact-pile scrap,Use native pixel scale; consider original Breakspider unlock designs before public release,collectible candidate
64,badge sprites/badge_46_r06_c08.png,PNG,64 × 64 (1.00:1),Pixel badge #46: Gold star-like charm,Pokémon gym/trial badge sprite collection / licensed game derived,Transparent/cutout,One of 54 distinct badges; visually related series; no exact duplicate known,Collection badge candidate,Small profile emblem; artifact-pile scrap,Use native pixel scale; consider original Breakspider unlock designs before public release,collectible candidate
65,badge sprites/badge_47_r07_c01.png,PNG,56 × 64 (0.88:1),Pixel badge #47: Green/purple amulet,Pokémon gym/trial badge sprite collection / licensed game derived,Transparent/cutout,One of 54 distinct badges; visually related series; no exact duplicate known,Collection badge candidate,Small profile emblem; artifact-pile scrap,Use native pixel scale; consider original Breakspider unlock designs before public release,collectible candidate
66,badge sprites/badge_48_r07_c02.png,PNG,52 × 64 (0.81:1),Pixel badge #48: Tan zigzag symbol,Pokémon gym/trial badge sprite collection / licensed game derived,Transparent/cutout,One of 54 distinct badges; visually related series; no exact duplicate known,Collection badge candidate,Small profile emblem; artifact-pile scrap,Use native pixel scale; consider original Breakspider unlock designs before public release,collectible candidate
67,badge sprites/badge_49_r07_c03.png,PNG,64 × 48 (1.33:1),Pixel badge #49: Red/yellow small emblem,Pokémon gym/trial badge sprite collection / licensed game derived,Transparent/cutout,One of 54 distinct badges; visually related series; no exact duplicate known,Collection badge candidate,Small profile emblem; artifact-pile scrap,Use native pixel scale; consider original Breakspider unlock designs before public release,collectible candidate
68,badge sprites/badge_50_r07_c04.png,PNG,60 × 64 (0.94:1),Pixel badge #50: Green/teal drop,Pokémon gym/trial badge sprite collection / licensed game derived,Transparent/cutout,One of 54 distinct badges; visually related series; no exact duplicate known,Collection badge candidate,Small profile emblem; artifact-pile scrap,Use native pixel scale; consider original Breakspider unlock designs before public release,collectible candidate
69,badge sprites/badge_51_r07_c05.png,PNG,64 × 64 (1.00:1),Pixel badge #51: Yellow crossed badge,Pokémon gym/trial badge sprite collection / licensed game derived,Transparent/cutout,One of 54 distinct badges; visually related series; no exact duplicate known,Collection badge candidate,Small profile emblem; artifact-pile scrap,Use native pixel scale; consider original Breakspider unlock designs before public release,collectible candidate
70,badge sprites/badge_52_r07_c06.png,PNG,64 × 28 (2.29:1),Pixel badge #52: Pink ribbon/bowl,Pokémon gym/trial badge sprite collection / licensed game derived,Transparent/cutout,One of 54 distinct badges; visually related series; no exact duplicate known,Collection badge candidate,Small profile emblem; artifact-pile scrap,Use native pixel scale; consider original Breakspider unlock designs before public release,collectible candidate
71,badge sprites/badge_53_r07_c07.png,PNG,60 × 64 (0.94:1),Pixel badge #53: Yellow crown/mask,Pokémon gym/trial badge sprite collection / licensed game derived,Transparent/cutout,One of 54 distinct badges; visually related series; no exact duplicate known,Collection badge candidate,Small profile emblem; artifact-pile scrap,Use native pixel scale; consider original Breakspider unlock designs before public release,collectible candidate
72,badge sprites/badge_54_r07_c08.png,PNG,56 × 64 (0.88:1),Pixel badge #54: Blue/gold oval badge,Pokémon gym/trial badge sprite collection / licensed game derived,Transparent/cutout,One of 54 distinct badges; visually related series; no exact duplicate known,Collection badge candidate,Small profile emblem; artifact-pile scrap,Use native pixel scale; consider original Breakspider unlock designs before public release,collectible candidate
73,Copper_Pickaxe.webp,WEBP,32 × 32 (1.00:1),Tiny copper/brown diagonal pickaxe sprite,Terraria / licensed game sprite,Transparent/cutout,—,Small found-object scrap,Cursor-follower or artifact-pile item,Use nearest-neighbor scaling; crop canvas tightly,decorative reserve
74,Dracula's_Castle_-_18.webp,WEBP,133 × 180 (0.74:1),Purple/orange spired castle sprite,Game-derived sprite / likely Castlevania crossover imagery,Transparent/cutout,—,Deep-page inspiration scrap,Pixel-art decorative reserve,Use at native pixel scale; do not imply it is a Breakspider project,deeper-page candidate
75,familiar sprites/ashwing1.png,PNG,64 × 64 (1.00:1),Dark winged familiar with rust-brown body and feather/flame detail,Pixel Pugilists / creator project sprite,Transparent/cutout,"Peer to pebbloq1.png, not duplicate",Random Familiar: Ashwing,Projects/PP teaser; collectible cameo,Use nearest-neighbor at 1.5× for 96 × 96 display; retain silhouette,homepage candidate
76,familiar sprites/pebbloq1.png,PNG,64 × 64 (1.00:1),Squat stone/armored familiar with cool blue accents,Pixel Pugilists / creator project sprite,Transparent/cutout,"Peer to ashwing1.png, not duplicate",Random Familiar rotation: Pebbloq,Projects/PP teaser; collectible cameo,Use nearest-neighbor at 1.5× for 96 × 96 display,homepage candidate
77,kpno5i2ts3y31.png,PNG,814 × 1000 (0.81:1),"Eight-pose sheet of the white winged character, paired orange/green accents",Unidentified character sprite sheet / original provenance unverified,Transparent/cutout,Same character as 7skwvvlo6v251.png; different format/poses,Sketchbook animation or character-process scrap if authored by creator,Follower candidate after individual poses are separated,Slice poses; trim transparent margins; animate only if desired,deeper-page candidate
78,Life_Crystal_(placed).gif,GIF animation,32 × 32 (1.00:1),Pulsing small red heart crystal,Terraria / licensed game animation,Transparent animation; 11 frames,Paired with Mana_Crystal_(placed).gif,Collectible pickup effect,Cursor follower; visitor profile ornament,Keep pixel scaling; select frame or loop sparingly,collectible candidate
79,Mana_Crystal_(placed).gif,GIF animation,32 × 32 (1.00:1),Pulsing tiny blue star crystal,Terraria / licensed game animation,Transparent animation; 11 frames,Paired with Life_Crystal_(placed).gif,Collectible pickup effect,Cursor follower; visitor profile ornament,Keep pixel scaling; select frame or loop sparingly,collectible candidate
80,Megaphone_(Switch_2)_NH_Icon.png,PNG,128 × 128 (1.00:1),Red and white megaphone icon,Animal Crossing / licensed game UI icon,Transparent/cutout,—,Persistent audio button pictogram,Announcement/changelog scrap,Crop to useful art bounds; add distinct mute/on state and visible label,homepage candidate
81,Mr_Saturn_Sprite_Earthbound.png,PNG,64 × 84 (0.76:1),Pink bulbous Mr. Saturn sprite with bow and feet,EarthBound / licensed game sprite,Transparent/cutout,—,Cursor-follower candidate,Profile cosmetic,Nearest-neighbor scale; consider original reinterpretation,collectible candidate
82,noise sprites/blue/noise_01_blue.png,PNG,170 × 173 (0.98:1),"Long-horned bull skull, solid black with blue edge/interior",The World Ends With You Noise-style licensed game emblem,Transparent/cutout,Color variant of shape 01 in blue/lavender/orange/red,Decorative emblem reserve,"Site scrap, badge or follower candidate","Use transparent cutout; select a few, reduce color noise; original reinterpretation if used prominently",decorative reserve
83,noise sprites/blue/noise_02_blue.png,PNG,75 × 84 (0.89:1),"Compact split crescent crest, solid black with blue edge/interior",The World Ends With You Noise-style licensed game emblem,Transparent/cutout,Color variant of shape 02 in blue/lavender/orange/red,Profile/cursor cosmetic reference,"Site scrap, badge or follower candidate","Use transparent cutout; select a few, reduce color noise; original reinterpretation if used prominently",collectible candidate
84,noise sprites/blue/noise_03_blue.png,PNG,93 × 103 (0.90:1),"Pointed wolf/fox mask, solid black with blue edge/interior",The World Ends With You Noise-style licensed game emblem,Transparent/cutout,Color variant of shape 03 in blue/lavender/orange/red,Decorative emblem reserve,"Site scrap, badge or follower candidate","Use transparent cutout; select a few, reduce color noise; original reinterpretation if used prominently",decorative reserve
85,noise sprites/blue/noise_04_blue.png,PNG,129 × 161 (0.80:1),"Broad catlike skull, solid black with blue edge/interior",The World Ends With You Noise-style licensed game emblem,Transparent/cutout,Color variant of shape 04 in blue/lavender/orange/red,Decorative emblem reserve,"Site scrap, badge or follower candidate","Use transparent cutout; select a few, reduce color noise; original reinterpretation if used prominently",decorative reserve
86,noise sprites/blue/noise_05_blue.png,PNG,125 × 153 (0.82:1),"Winged mask with fangs, solid black with blue edge/interior",The World Ends With You Noise-style licensed game emblem,Transparent/cutout,Color variant of shape 05 in blue/lavender/orange/red,Decorative emblem reserve,"Site scrap, badge or follower candidate","Use transparent cutout; select a few, reduce color noise; original reinterpretation if used prominently",decorative reserve
87,noise sprites/blue/noise_06_blue.png,PNG,52 × 40 (1.30:1),"Tiny bat face, solid black with blue edge/interior",The World Ends With You Noise-style licensed game emblem,Transparent/cutout,Color variant of shape 06 in blue/lavender/orange/red,Profile/cursor cosmetic reference,"Site scrap, badge or follower candidate","Use transparent cutout; select a few, reduce color noise; original reinterpretation if used prominently",collectible candidate
88,noise sprites/blue/noise_07_blue.png,PNG,67 × 83 (0.81:1),"Narrow horned skull, solid black with blue edge/interior",The World Ends With You Noise-style licensed game emblem,Transparent/cutout,Color variant of shape 07 in blue/lavender/orange/red,Decorative emblem reserve,"Site scrap, badge or follower candidate","Use transparent cutout; select a few, reduce color noise; original reinterpretation if used prominently",decorative reserve
89,noise sprites/blue/noise_08_blue.png,PNG,293 × 187 (1.57:1),"Wide ram skull, solid black with blue edge/interior",The World Ends With You Noise-style licensed game emblem,Transparent/cutout,Color variant of shape 08 in blue/lavender/orange/red,Decorative emblem reserve,"Site scrap, badge or follower candidate","Use transparent cutout; select a few, reduce color noise; original reinterpretation if used prominently",decorative reserve
90,noise sprites/blue/noise_09_blue.png,PNG,58 × 105 (0.55:1),"Long spear-like face, solid black with blue edge/interior",The World Ends With You Noise-style licensed game emblem,Transparent/cutout,Color variant of shape 09 in blue/lavender/orange/red,Decorative emblem reserve,"Site scrap, badge or follower candidate","Use transparent cutout; select a few, reduce color noise; original reinterpretation if used prominently",decorative reserve
91,noise sprites/blue/noise_10_blue.png,PNG,145 × 123 (1.18:1),"Mirrored claw/wings, solid black with blue edge/interior",The World Ends With You Noise-style licensed game emblem,Transparent/cutout,Color variant of shape 10 in blue/lavender/orange/red,Decorative emblem reserve,"Site scrap, badge or follower candidate","Use transparent cutout; select a few, reduce color noise; original reinterpretation if used prominently",decorative reserve
92,noise sprites/blue/noise_11_blue.png,PNG,40 × 47 (0.85:1),"Tiny narrow mask, solid black with blue edge/interior",The World Ends With You Noise-style licensed game emblem,Transparent/cutout,Color variant of shape 11 in blue/lavender/orange/red,Profile/cursor cosmetic reference,"Site scrap, badge or follower candidate","Use transparent cutout; select a few, reduce color noise; original reinterpretation if used prominently",collectible candidate
93,noise sprites/blue/noise_12_blue.png,PNG,124 × 114 (1.09:1),"Crowned skull crest, solid black with blue edge/interior",The World Ends With You Noise-style licensed game emblem,Transparent/cutout,Color variant of shape 12 in blue/lavender/orange/red,Decorative emblem reserve,"Site scrap, badge or follower candidate","Use transparent cutout; select a few, reduce color noise; original reinterpretation if used prominently",decorative reserve
94,noise sprites/blue/noise_13_blue.png,PNG,86 × 102 (0.84:1),"Hollow pointed frame, solid black with blue edge/interior",The World Ends With You Noise-style licensed game emblem,Transparent/cutout,Color variant of shape 13 in blue/lavender/orange/red,Profile/cursor cosmetic reference,"Site scrap, badge or follower candidate","Use transparent cutout; select a few, reduce color noise; original reinterpretation if used prominently",collectible candidate
95,noise sprites/blue/noise_14_blue.png,PNG,111 × 148 (0.75:1),"Tall flame/dragon mask, solid black with blue edge/interior",The World Ends With You Noise-style licensed game emblem,Transparent/cutout,Color variant of shape 14 in blue/lavender/orange/red,Decorative emblem reserve,"Site scrap, badge or follower candidate","Use transparent cutout; select a few, reduce color noise; original reinterpretation if used prominently",decorative reserve
96,noise sprites/blue/noise_15_blue.png,PNG,94 × 139 (0.68:1),"Spined blade mask, solid black with blue edge/interior",The World Ends With You Noise-style licensed game emblem,Transparent/cutout,Color variant of shape 15 in blue/lavender/orange/red,Decorative emblem reserve,"Site scrap, badge or follower candidate","Use transparent cutout; select a few, reduce color noise; original reinterpretation if used prominently",decorative reserve
97,noise sprites/blue/noise_16_blue.png,PNG,135 × 133 (1.02:1),"Open arch crest, solid black with blue edge/interior",The World Ends With You Noise-style licensed game emblem,Transparent/cutout,Color variant of shape 16 in blue/lavender/orange/red,Decorative emblem reserve,"Site scrap, badge or follower candidate","Use transparent cutout; select a few, reduce color noise; original reinterpretation if used prominently",decorative reserve
98,noise sprites/green/noise_bonus_green.png,PNG,61 × 51 (1.20:1),Small bright-green face/emblem with circular surround,The World Ends With You Noise-style licensed game sprite,Transparent/cutout,Bonus design outside the four-color 16-shape series,Tiny decorative scrap,Follower/collectible effect,Nearest-neighbor scaling; original reinterpretation for persistent identity,decorative reserve
99,noise sprites/lavender/noise_01_lavender.png,PNG,170 × 173 (0.98:1),"Long-horned bull skull, solid black with lavender edge/interior",The World Ends With You Noise-style licensed game emblem,Transparent/cutout,Color variant of shape 01 in blue/lavender/orange/red,Decorative emblem reserve,"Site scrap, badge or follower candidate","Use transparent cutout; select a few, reduce color noise; original reinterpretation if used prominently",decorative reserve
100,noise sprites/lavender/noise_02_lavender.png,PNG,75 × 83 (0.90:1),"Compact split crescent crest, solid black with lavender edge/interior",The World Ends With You Noise-style licensed game emblem,Transparent/cutout,Color variant of shape 02 in blue/lavender/orange/red,Profile/cursor cosmetic reference,"Site scrap, badge or follower candidate","Use transparent cutout; select a few, reduce color noise; original reinterpretation if used prominently",collectible candidate
101,noise sprites/lavender/noise_03_lavender.png,PNG,93 × 102 (0.91:1),"Pointed wolf/fox mask, solid black with lavender edge/interior",The World Ends With You Noise-style licensed game emblem,Transparent/cutout,Color variant of shape 03 in blue/lavender/orange/red,Decorative emblem reserve,"Site scrap, badge or follower candidate","Use transparent cutout; select a few, reduce color noise; original reinterpretation if used prominently",decorative reserve
102,noise sprites/lavender/noise_04_lavender.png,PNG,129 × 160 (0.81:1),"Broad catlike skull, solid black with lavender edge/interior",The World Ends With You Noise-style licensed game emblem,Transparent/cutout,Color variant of shape 04 in blue/lavender/orange/red,Decorative emblem reserve,"Site scrap, badge or follower candidate","Use transparent cutout; select a few, reduce color noise; original reinterpretation if used prominently",decorative reserve
103,noise sprites/lavender/noise_05_lavender.png,PNG,125 × 153 (0.82:1),"Winged mask with fangs, solid black with lavender edge/interior",The World Ends With You Noise-style licensed game emblem,Transparent/cutout,Color variant of shape 05 in blue/lavender/orange/red,Decorative emblem reserve,"Site scrap, badge or follower candidate","Use transparent cutout; select a few, reduce color noise; original reinterpretation if used prominently",decorative reserve
104,noise sprites/lavender/noise_06_lavender.png,PNG,52 × 40 (1.30:1),"Tiny bat face, solid black with lavender edge/interior",The World Ends With You Noise-style licensed game emblem,Transparent/cutout,Color variant of shape 06 in blue/lavender/orange/red,Profile/cursor cosmetic reference,"Site scrap, badge or follower candidate","Use transparent cutout; select a few, reduce color noise; original reinterpretation if used prominently",collectible candidate
105,noise sprites/lavender/noise_07_lavender.png,PNG,67 × 83 (0.81:1),"Narrow horned skull, solid black with lavender edge/interior",The World Ends With You Noise-style licensed game emblem,Transparent/cutout,Color variant of shape 07 in blue/lavender/orange/red,Decorative emblem reserve,"Site scrap, badge or follower candidate","Use transparent cutout; select a few, reduce color noise; original reinterpretation if used prominently",decorative reserve
106,noise sprites/lavender/noise_08_lavender.png,PNG,293 × 186 (1.58:1),"Wide ram skull, solid black with lavender edge/interior",The World Ends With You Noise-style licensed game emblem,Transparent/cutout,Color variant of shape 08 in blue/lavender/orange/red,Decorative emblem reserve,"Site scrap, badge or follower candidate","Use transparent cutout; select a few, reduce color noise; original reinterpretation if used prominently",decorative reserve
107,noise sprites/lavender/noise_09_lavender.png,PNG,58 × 106 (0.55:1),"Long spear-like face, solid black with lavender edge/interior",The World Ends With You Noise-style licensed game emblem,Transparent/cutout,Color variant of shape 09 in blue/lavender/orange/red,Decorative emblem reserve,"Site scrap, badge or follower candidate","Use transparent cutout; select a few, reduce color noise; original reinterpretation if used prominently",decorative reserve
108,noise sprites/lavender/noise_10_lavender.png,PNG,145 × 123 (1.18:1),"Mirrored claw/wings, solid black with lavender edge/interior",The World Ends With You Noise-style licensed game emblem,Transparent/cutout,Color variant of shape 10 in blue/lavender/orange/red,Decorative emblem reserve,"Site scrap, badge or follower candidate","Use transparent cutout; select a few, reduce color noise; original reinterpretation if used prominently",decorative reserve
109,noise sprites/lavender/noise_11_lavender.png,PNG,40 × 46 (0.87:1),"Tiny narrow mask, solid black with lavender edge/interior",The World Ends With You Noise-style licensed game emblem,Transparent/cutout,Color variant of shape 11 in blue/lavender/orange/red,Profile/cursor cosmetic reference,"Site scrap, badge or follower candidate","Use transparent cutout; select a few, reduce color noise; original reinterpretation if used prominently",collectible candidate
110,noise sprites/lavender/noise_12_lavender.png,PNG,124 × 114 (1.09:1),"Crowned skull crest, solid black with lavender edge/interior",The World Ends With You Noise-style licensed game emblem,Transparent/cutout,Color variant of shape 12 in blue/lavender/orange/red,Decorative emblem reserve,"Site scrap, badge or follower candidate","Use transparent cutout; select a few, reduce color noise; original reinterpretation if used prominently",decorative reserve
111,noise sprites/lavender/noise_13_lavender.png,PNG,86 × 101 (0.85:1),"Hollow pointed frame, solid black with lavender edge/interior",The World Ends With You Noise-style licensed game emblem,Transparent/cutout,Color variant of shape 13 in blue/lavender/orange/red,Profile/cursor cosmetic reference,"Site scrap, badge or follower candidate","Use transparent cutout; select a few, reduce color noise; original reinterpretation if used prominently",collectible candidate
112,noise sprites/lavender/noise_14_lavender.png,PNG,111 × 148 (0.75:1),"Tall flame/dragon mask, solid black with lavender edge/interior",The World Ends With You Noise-style licensed game emblem,Transparent/cutout,Color variant of shape 14 in blue/lavender/orange/red,Decorative emblem reserve,"Site scrap, badge or follower candidate","Use transparent cutout; select a few, reduce color noise; original reinterpretation if used prominently",decorative reserve
113,noise sprites/lavender/noise_15_lavender.png,PNG,94 × 139 (0.68:1),"Spined blade mask, solid black with lavender edge/interior",The World Ends With You Noise-style licensed game emblem,Transparent/cutout,Color variant of shape 15 in blue/lavender/orange/red,Decorative emblem reserve,"Site scrap, badge or follower candidate","Use transparent cutout; select a few, reduce color noise; original reinterpretation if used prominently",decorative reserve
114,noise sprites/lavender/noise_16_lavender.png,PNG,135 × 133 (1.02:1),"Open arch crest, solid black with lavender edge/interior",The World Ends With You Noise-style licensed game emblem,Transparent/cutout,Color variant of shape 16 in blue/lavender/orange/red,Decorative emblem reserve,"Site scrap, badge or follower candidate","Use transparent cutout; select a few, reduce color noise; original reinterpretation if used prominently",decorative reserve
115,noise sprites/orange/noise_01_orange.png,PNG,170 × 173 (0.98:1),"Long-horned bull skull, solid black with orange edge/interior",The World Ends With You Noise-style licensed game emblem,Transparent/cutout,Color variant of shape 01 in blue/lavender/orange/red,Decorative emblem reserve,"Site scrap, badge or follower candidate","Use transparent cutout; select a few, reduce color noise; original reinterpretation if used prominently",decorative reserve
116,noise sprites/orange/noise_02_orange.png,PNG,75 × 83 (0.90:1),"Compact split crescent crest, solid black with orange edge/interior",The World Ends With You Noise-style licensed game emblem,Transparent/cutout,Color variant of shape 02 in blue/lavender/orange/red,Profile/cursor cosmetic reference,"Site scrap, badge or follower candidate","Use transparent cutout; select a few, reduce color noise; original reinterpretation if used prominently",collectible candidate
117,noise sprites/orange/noise_03_orange.png,PNG,93 × 102 (0.91:1),"Pointed wolf/fox mask, solid black with orange edge/interior",The World Ends With You Noise-style licensed game emblem,Transparent/cutout,Color variant of shape 03 in blue/lavender/orange/red,Decorative emblem reserve,"Site scrap, badge or follower candidate","Use transparent cutout; select a few, reduce color noise; original reinterpretation if used prominently",decorative reserve
118,noise sprites/orange/noise_04_orange.png,PNG,129 × 160 (0.81:1),"Broad catlike skull, solid black with orange edge/interior",The World Ends With You Noise-style licensed game emblem,Transparent/cutout,Color variant of shape 04 in blue/lavender/orange/red,Decorative emblem reserve,"Site scrap, badge or follower candidate","Use transparent cutout; select a few, reduce color noise; original reinterpretation if used prominently",decorative reserve
119,noise sprites/orange/noise_05_orange.png,PNG,125 × 152 (0.82:1),"Winged mask with fangs, solid black with orange edge/interior",The World Ends With You Noise-style licensed game emblem,Transparent/cutout,Color variant of shape 05 in blue/lavender/orange/red,Decorative emblem reserve,"Site scrap, badge or follower candidate","Use transparent cutout; select a few, reduce color noise; original reinterpretation if used prominently",decorative reserve
120,noise sprites/orange/noise_06_orange.png,PNG,52 × 39 (1.33:1),"Tiny bat face, solid black with orange edge/interior",The World Ends With You Noise-style licensed game emblem,Transparent/cutout,Color variant of shape 06 in blue/lavender/orange/red,Profile/cursor cosmetic reference,"Site scrap, badge or follower candidate","Use transparent cutout; select a few, reduce color noise; original reinterpretation if used prominently",collectible candidate
121,noise sprites/orange/noise_07_orange.png,PNG,67 × 83 (0.81:1),"Narrow horned skull, solid black with orange edge/interior",The World Ends With You Noise-style licensed game emblem,Transparent/cutout,Color variant of shape 07 in blue/lavender/orange/red,Decorative emblem reserve,"Site scrap, badge or follower candidate","Use transparent cutout; select a few, reduce color noise; original reinterpretation if used prominently",decorative reserve
122,noise sprites/orange/noise_08_orange.png,PNG,293 × 186 (1.58:1),"Wide ram skull, solid black with orange edge/interior",The World Ends With You Noise-style licensed game emblem,Transparent/cutout,Color variant of shape 08 in blue/lavender/orange/red,Decorative emblem reserve,"Site scrap, badge or follower candidate","Use transparent cutout; select a few, reduce color noise; original reinterpretation if used prominently",decorative reserve
123,noise sprites/orange/noise_09_orange.png,PNG,58 × 105 (0.55:1),"Long spear-like face, solid black with orange edge/interior",The World Ends With You Noise-style licensed game emblem,Transparent/cutout,Color variant of shape 09 in blue/lavender/orange/red,Decorative emblem reserve,"Site scrap, badge or follower candidate","Use transparent cutout; select a few, reduce color noise; original reinterpretation if used prominently",decorative reserve
124,noise sprites/orange/noise_10_orange.png,PNG,145 × 122 (1.19:1),"Mirrored claw/wings, solid black with orange edge/interior",The World Ends With You Noise-style licensed game emblem,Transparent/cutout,Color variant of shape 10 in blue/lavender/orange/red,Decorative emblem reserve,"Site scrap, badge or follower candidate","Use transparent cutout; select a few, reduce color noise; original reinterpretation if used prominently",decorative reserve
125,noise sprites/orange/noise_11_orange.png,PNG,40 × 46 (0.87:1),"Tiny narrow mask, solid black with orange edge/interior",The World Ends With You Noise-style licensed game emblem,Transparent/cutout,Color variant of shape 11 in blue/lavender/orange/red,Profile/cursor cosmetic reference,"Site scrap, badge or follower candidate","Use transparent cutout; select a few, reduce color noise; original reinterpretation if used prominently",collectible candidate
126,noise sprites/orange/noise_12_orange.png,PNG,124 × 114 (1.09:1),"Crowned skull crest, solid black with orange edge/interior",The World Ends With You Noise-style licensed game emblem,Transparent/cutout,Color variant of shape 12 in blue/lavender/orange/red,Decorative emblem reserve,"Site scrap, badge or follower candidate","Use transparent cutout; select a few, reduce color noise; original reinterpretation if used prominently",decorative reserve
127,noise sprites/orange/noise_13_orange.png,PNG,86 × 102 (0.84:1),"Hollow pointed frame, solid black with orange edge/interior",The World Ends With You Noise-style licensed game emblem,Transparent/cutout,Color variant of shape 13 in blue/lavender/orange/red,Profile/cursor cosmetic reference,"Site scrap, badge or follower candidate","Use transparent cutout; select a few, reduce color noise; original reinterpretation if used prominently",collectible candidate
128,noise sprites/orange/noise_14_orange.png,PNG,111 × 148 (0.75:1),"Tall flame/dragon mask, solid black with orange edge/interior",The World Ends With You Noise-style licensed game emblem,Transparent/cutout,Color variant of shape 14 in blue/lavender/orange/red,Decorative emblem reserve,"Site scrap, badge or follower candidate","Use transparent cutout; select a few, reduce color noise; original reinterpretation if used prominently",decorative reserve
129,noise sprites/orange/noise_15_orange.png,PNG,94 × 139 (0.68:1),"Spined blade mask, solid black with orange edge/interior",The World Ends With You Noise-style licensed game emblem,Transparent/cutout,Color variant of shape 15 in blue/lavender/orange/red,Decorative emblem reserve,"Site scrap, badge or follower candidate","Use transparent cutout; select a few, reduce color noise; original reinterpretation if used prominently",decorative reserve
130,noise sprites/orange/noise_16_orange.png,PNG,135 × 133 (1.02:1),"Open arch crest, solid black with orange edge/interior",The World Ends With You Noise-style licensed game emblem,Transparent/cutout,Color variant of shape 16 in blue/lavender/orange/red,Decorative emblem reserve,"Site scrap, badge or follower candidate","Use transparent cutout; select a few, reduce color noise; original reinterpretation if used prominently",decorative reserve
131,noise sprites/red/noise_01_red.png,PNG,170 × 173 (0.98:1),"Long-horned bull skull, solid black with red edge/interior",The World Ends With You Noise-style licensed game emblem,Transparent/cutout,Color variant of shape 01 in blue/lavender/orange/red,Decorative emblem reserve,"Site scrap, badge or follower candidate","Use transparent cutout; select a few, reduce color noise; original reinterpretation if used prominently",decorative reserve
132,noise sprites/red/noise_02_red.png,PNG,75 × 83 (0.90:1),"Compact split crescent crest, solid black with red edge/interior",The World Ends With You Noise-style licensed game emblem,Transparent/cutout,Color variant of shape 02 in blue/lavender/orange/red,Profile/cursor cosmetic reference,"Site scrap, badge or follower candidate","Use transparent cutout; select a few, reduce color noise; original reinterpretation if used prominently",collectible candidate
133,noise sprites/red/noise_03_red.png,PNG,93 × 102 (0.91:1),"Pointed wolf/fox mask, solid black with red edge/interior",The World Ends With You Noise-style licensed game emblem,Transparent/cutout,Color variant of shape 03 in blue/lavender/orange/red,Decorative emblem reserve,"Site scrap, badge or follower candidate","Use transparent cutout; select a few, reduce color noise; original reinterpretation if used prominently",decorative reserve
134,noise sprites/red/noise_04_red.png,PNG,129 × 160 (0.81:1),"Broad catlike skull, solid black with red edge/interior",The World Ends With You Noise-style licensed game emblem,Transparent/cutout,Color variant of shape 04 in blue/lavender/orange/red,Decorative emblem reserve,"Site scrap, badge or follower candidate","Use transparent cutout; select a few, reduce color noise; original reinterpretation if used prominently",decorative reserve
135,noise sprites/red/noise_05_red.png,PNG,125 × 152 (0.82:1),"Winged mask with fangs, solid black with red edge/interior",The World Ends With You Noise-style licensed game emblem,Transparent/cutout,Color variant of shape 05 in blue/lavender/orange/red,Decorative emblem reserve,"Site scrap, badge or follower candidate","Use transparent cutout; select a few, reduce color noise; original reinterpretation if used prominently",decorative reserve
136,noise sprites/red/noise_06_red.png,PNG,52 × 40 (1.30:1),"Tiny bat face, solid black with red edge/interior",The World Ends With You Noise-style licensed game emblem,Transparent/cutout,Color variant of shape 06 in blue/lavender/orange/red,Profile/cursor cosmetic reference,"Site scrap, badge or follower candidate","Use transparent cutout; select a few, reduce color noise; original reinterpretation if used prominently",collectible candidate
137,noise sprites/red/noise_07_red.png,PNG,67 × 83 (0.81:1),"Narrow horned skull, solid black with red edge/interior",The World Ends With You Noise-style licensed game emblem,Transparent/cutout,Color variant of shape 07 in blue/lavender/orange/red,Decorative emblem reserve,"Site scrap, badge or follower candidate","Use transparent cutout; select a few, reduce color noise; original reinterpretation if used prominently",decorative reserve
138,noise sprites/red/noise_08_red.png,PNG,293 × 186 (1.58:1),"Wide ram skull, solid black with red edge/interior",The World Ends With You Noise-style licensed game emblem,Transparent/cutout,Color variant of shape 08 in blue/lavender/orange/red,Decorative emblem reserve,"Site scrap, badge or follower candidate","Use transparent cutout; select a few, reduce color noise; original reinterpretation if used prominently",decorative reserve
139,noise sprites/red/noise_09_red.png,PNG,58 × 105 (0.55:1),"Long spear-like face, solid black with red edge/interior",The World Ends With You Noise-style licensed game emblem,Transparent/cutout,Color variant of shape 09 in blue/lavender/orange/red,Decorative emblem reserve,"Site scrap, badge or follower candidate","Use transparent cutout; select a few, reduce color noise; original reinterpretation if used prominently",decorative reserve
140,noise sprites/red/noise_10_red.png,PNG,145 × 123 (1.18:1),"Mirrored claw/wings, solid black with red edge/interior",The World Ends With You Noise-style licensed game emblem,Transparent/cutout,Color variant of shape 10 in blue/lavender/orange/red,Decorative emblem reserve,"Site scrap, badge or follower candidate","Use transparent cutout; select a few, reduce color noise; original reinterpretation if used prominently",decorative reserve
141,noise sprites/red/noise_11_red.png,PNG,40 × 47 (0.85:1),"Tiny narrow mask, solid black with red edge/interior",The World Ends With You Noise-style licensed game emblem,Transparent/cutout,Color variant of shape 11 in blue/lavender/orange/red,Profile/cursor cosmetic reference,"Site scrap, badge or follower candidate","Use transparent cutout; select a few, reduce color noise; original reinterpretation if used prominently",collectible candidate
142,noise sprites/red/noise_12_red.png,PNG,124 × 113 (1.10:1),"Crowned skull crest, solid black with red edge/interior",The World Ends With You Noise-style licensed game emblem,Transparent/cutout,Color variant of shape 12 in blue/lavender/orange/red,Decorative emblem reserve,"Site scrap, badge or follower candidate","Use transparent cutout; select a few, reduce color noise; original reinterpretation if used prominently",decorative reserve
143,noise sprites/red/noise_13_red.png,PNG,86 × 102 (0.84:1),"Hollow pointed frame, solid black with red edge/interior",The World Ends With You Noise-style licensed game emblem,Transparent/cutout,Color variant of shape 13 in blue/lavender/orange/red,Profile/cursor cosmetic reference,"Site scrap, badge or follower candidate","Use transparent cutout; select a few, reduce color noise; original reinterpretation if used prominently",collectible candidate
144,noise sprites/red/noise_14_red.png,PNG,111 × 148 (0.75:1),"Tall flame/dragon mask, solid black with red edge/interior",The World Ends With You Noise-style licensed game emblem,Transparent/cutout,Color variant of shape 14 in blue/lavender/orange/red,Decorative emblem reserve,"Site scrap, badge or follower candidate","Use transparent cutout; select a few, reduce color noise; original reinterpretation if used prominently",decorative reserve
145,noise sprites/red/noise_15_red.png,PNG,94 × 139 (0.68:1),"Spined blade mask, solid black with red edge/interior",The World Ends With You Noise-style licensed game emblem,Transparent/cutout,Color variant of shape 15 in blue/lavender/orange/red,Decorative emblem reserve,"Site scrap, badge or follower candidate","Use transparent cutout; select a few, reduce color noise; original reinterpretation if used prominently",decorative reserve
146,noise sprites/red/noise_16_red.png,PNG,135 × 133 (1.02:1),"Open arch crest, solid black with red edge/interior",The World Ends With You Noise-style licensed game emblem,Transparent/cutout,Color variant of shape 16 in blue/lavender/orange/red,Decorative emblem reserve,"Site scrap, badge or follower candidate","Use transparent cutout; select a few, reduce color noise; original reinterpretation if used prominently",decorative reserve
147,Strawberry_flap.gif,GIF animation,200 × 120 (1.67:1),Winged strawberry flapping; white transformation frame at loop end,Game-derived animated sprite / source unverified,Transparent animation; 36 frames,Animation variant of Strawberry_idle.gif,Animated cursor-follower candidate,Clickable hidden scrap,Trim; test loop and reduced-motion still,collectible candidate
148,Strawberry_idle.gif,GIF animation,144 × 128 (1.12:1),Strawberry bobbing/idle; white transformation frame at loop end,Game-derived animated sprite / source unverified,Transparent animation; 43 frames,Animation variant of Strawberry_flap.gif,Small follower or profile decoration,Collectible icon,Trim; test loop and reduced-motion still,collectible candidate
149,Terra's_Wayfinder_(Art).png,PNG,243 × 336 (0.72:1),Orange star-shaped charm and ribbon,Kingdom Hearts / licensed game artwork,Transparent/cutout,Color variant of Aqua/Ventus wayfinder art,Decorative reserve for a personal inspiration page,Collectible trinket reference,Use as reference for an original charm; downscale,decorative reserve
150,Terra_Blade.webp,WEBP,46 × 54 (0.85:1),Tiny rainbow sword sprite,Terraria / licensed game sprite,Transparent/cutout,—,Small decorative scrap,Cursor cosmetic reference,Nearest-neighbor scale; redraw for site-specific cosmetic,decorative reserve
151,Ukulele.webp,WEBP,160 × 165 (0.97:1),"Brown ukulele with green trim, pixelated",Risk of Rain / licensed game item icon,Transparent/cutout,—,Audio control motif or music collectible,Artifact-pile scrap,Crop and size; ideally adapt to original audio visual,collectible candidate
152,vector inspo/Brotherhood_LRXIII.webp,WEBP,985 × 536 (1.84:1),Long blue fantasy sword with tassel,Kingdom Hearts / licensed game art,Opaque/baked background,Source/reference of vector derivative(s) in vectors/; not byte duplicate,Large artifact-pile object reference,Decorative process scrap,Crop on transparent cutout or use SVG derivative; confirm usage rights,deeper-page candidate
153,vector inspo/Heartless_Emblem.webp,WEBP,865 × 1180 (0.73:1),Black and red heart with crossed lines,Kingdom Hearts / licensed emblem,Transparent/cutout,Source/reference of vector derivative(s) in vectors/; not byte duplicate,Decorative reserve / inspiration artifact,Badge/cosmetic reference,Prefer originalized emblem if used prominently,decorative reserve
154,vector inspo/isaactreasuremap.jpg,JPG,418 × 527 (0.79:1),Parchment map with X and dashed trail,The Binding of Isaac / licensed icon,Opaque/baked background,Source/reference of vector derivative(s) in vectors/; not byte duplicate,Map collectible concept,Artifact pile or discovery cue,Prefer transparent vector derivative; recolor/map details for site,deeper-page candidate
155,vector inspo/Kingdom_Key_KH.webp,WEBP,564 × 600 (0.94:1),Silver key-shaped sword with gold guard,Kingdom Hearts / licensed game art,Transparent/cutout,Source/reference of vector derivative(s) in vectors/; not byte duplicate,Decorative artifact-pile reserve,Cursor follower or charm reference,Prefer transparent vector derivative; crop long diagonal,decorative reserve
156,vector inspo/p4gtvicon.png,PNG,512 × 512 (1.00:1),Yellow-screen black television with antennae,Persona 4 Golden / licensed icon,Transparent/cutout,Source/reference of vector derivative(s) in vectors/; not byte duplicate,Sketchbook media visual reference,Audio or project-process motif,Use vector derivative or originalized TV; ensure text context,deeper-page candidate
157,vector inspo/phantomthieves2.jpg,JPG,384 × 768 (0.50:1),Red and black top-hat/mask emblem on black field,Persona 5 / licensed emblem,Opaque/baked background,Source/reference of vector derivative(s) in vectors/; not byte duplicate,Decorative reserve,Collectible badge reference,Use transparent vector derivative; verify provenance,decorative reserve
158,vector inspo/PlayerPinSwitch.webp,WEBP,241 × 241 (1.00:1),Black/silver round pin with fleur-like motif,The World Ends With You / licensed pin,Transparent/cutout,Source/reference of vector derivative(s) in vectors/; not byte duplicate,Collectible/profile pin candidate,Artifact-pile item,Use vector derivative at small sizes; original variant preferred for permanent cosmetic,deeper-page candidate
159,vector inspo/rescueteambadgebasic.jpg,JPG,576 × 164 (3.51:1),"Cream, gold and pink winged egg badge on white",Pokémon Mystery Dungeon / licensed badge art,Opaque/baked background,Source/reference of vector derivative(s) in vectors/; not byte duplicate,Badge reference for collection,Decorative reserve,Vector derivative crops white background; original badge later,deeper-page candidate
160,vector inspo/rordriftercube.png,PNG,256 × 256 (1.00:1),Blue translucent cube/chest against purple square scene,Risk of Rain / licensed item graphic,Opaque/baked background,Source/reference of vector derivative(s) in vectors/; not byte duplicate,Artifact-pile or clickable toy reference,Spotlight texture if composition is adapted,Prefer vector cutout; source image has full square background,deeper-page candidate
161,vector inspo/team_plasma_logo_by_excaliburzero_d7lj0i7-pre.png,PNG,894 × 894 (1.00:1),Cyan monogram inside split gray and black shield,Pokémon fan/reference emblem,Transparent/cutout,Source/reference of vector derivative(s) in vectors/; not byte duplicate,Profile badge reference,Decorative reserve,Prefer SVG; avoid misleading association with creator,deeper-page candidate
162,vector inspo/TWEWY_Pin_LightningRage.png,PNG,120 × 120 (1.00:1),Gold/black round pin with distressed lettering and bolt,The World Ends With You / licensed pin,Transparent/cutout,Source/reference of vector derivative(s) in vectors/; not byte duplicate,Collectible pin / artifact-pile candidate,Cursor cosmetic,Use SVG derivative; preserve legibility only at larger sizes,deeper-page candidate
163,vector inspo/twewyspeechbubble.webp,WEBP,140 × 150 (0.93:1),White jagged speech burst with !?,The World Ends With You / licensed UI element,Transparent/cutout,Source/reference of vector derivative(s) in vectors/; not byte duplicate,Changelog/new-content accent,Sketchbook callout; interactive object,Use SVG family with distinct punctuation variants,deeper-page candidate
164,vector inspo/warframelotus.png,PNG,1050 × 979 (1.07:1),Intricate black lotus/helmet sigil,Warframe / licensed game symbol,Transparent/cutout,Source/reference of vector derivative(s) in vectors/; not byte duplicate,Decorative reserve,Badge reference,Prefer existing vector variant; simplify at small scale,decorative reserve
165,vector inspo/Yevon.webp,WEBP,258 × 248 (1.04:1),Black curved Yevon glyph,Final Fantasy X / licensed game symbol,Transparent/cutout,Source/reference of vector derivative(s) in vectors/; not byte duplicate,Decorative reserve,Badge reference,Use vector derivative with CSS color,decorative reserve
166,vectors/brotherhood-lrxiii.svg,SVG,980 × 540 (1.81:1),Angular blue sword with gold fittings and red tassel,Hand-authored SVG interpretation of licensed/reference image: vector inspo/Brotherhood_LRXIII.webp,Transparent vector canvas,Derived variant of vector inspo/Brotherhood_LRXIII.webp,Artifact-pile item,Profile cosmetic; decorative site scrap,"Use as vector, recolor/adjust for identity; retain transparency; test small-size legibility",decorative reserve
167,vectors/heartless-emblem.svg,SVG,868 × 1188 (0.73:1),Red outlined broken heart with crossed center,Hand-authored SVG interpretation of licensed/reference image: vector inspo/Heartless_Emblem.webp,Transparent vector canvas,Derived variant of vector inspo/Heartless_Emblem.webp,Decorative reserve,Profile cosmetic; decorative site scrap,"Use as vector, recolor/adjust for identity; retain transparency; test small-size legibility",decorative reserve
168,vectors/isaac-treasure-map.svg,SVG,343 × 439 (0.78:1),Parchment map with X and dashed path,Hand-authored SVG interpretation of licensed/reference image: vector inspo/isaactreasuremap.jpg,Transparent vector canvas,Derived variant of vector inspo/isaactreasuremap.jpg,Map collectible and discovery object,Profile cosmetic; decorative site scrap,"Use as vector, recolor/adjust for identity; retain transparency; test small-size legibility",homepage candidate
169,vectors/kingdom-key-kh.svg,SVG,600 × 600 (1.00:1),Silver key-shaped sword with yellow guard,Hand-authored SVG interpretation of licensed/reference image: vector inspo/Kingdom_Key_KH.webp,Transparent vector canvas,Derived variant of vector inspo/Kingdom_Key_KH.webp,Artifact-pile item,Profile cosmetic; decorative site scrap,"Use as vector, recolor/adjust for identity; retain transparency; test small-size legibility",decorative reserve
170,vectors/p4g-tv-icon.svg,SVG,512 × 512 (1.00:1),Black retro TV with yellow screen,Hand-authored SVG interpretation of licensed/reference image: vector inspo/p4gtvicon.png,Transparent vector canvas,Derived variant of vector inspo/p4gtvicon.png,Sketchbook media/personal scrap,Profile cosmetic; decorative site scrap,"Use as vector, recolor/adjust for identity; retain transparency; test small-size legibility",decorative reserve
171,vectors/phantom-thieves-2.svg,SVG,340 × 335 (1.01:1),Red/black stylized top hat and mask,Hand-authored SVG interpretation of licensed/reference image: vector inspo/phantomthieves2.jpg,Transparent vector canvas,Derived variant of vector inspo/phantomthieves2.jpg,Decorative reserve,Profile cosmetic; decorative site scrap,"Use as vector, recolor/adjust for identity; retain transparency; test small-size legibility",decorative reserve
172,vectors/player-pin-switch.svg,SVG,240 × 240 (1.00:1),Monochrome ornate round pin,Hand-authored SVG interpretation of licensed/reference image: vector inspo/PlayerPinSwitch.webp,Transparent vector canvas,Derived variant of vector inspo/PlayerPinSwitch.webp,Collectible pin candidate,Profile cosmetic; decorative site scrap,"Use as vector, recolor/adjust for identity; retain transparency; test small-size legibility",collectible candidate
173,vectors/rescue-team-badge-basic.svg,SVG,460 × 175 (2.63:1),Gold winged badge and white/red oval,Hand-authored SVG interpretation of licensed/reference image: vector inspo/rescueteambadgebasic.jpg,Transparent vector canvas,Derived variant of vector inspo/rescueteambadgebasic.jpg,Profile badge reference,Profile cosmetic; decorative site scrap,"Use as vector, recolor/adjust for identity; retain transparency; test small-size legibility",collectible candidate
174,vectors/ror-drifter-cube.svg,SVG,256 × 256 (1.00:1),Blue-purple beveled cube with small base,Hand-authored SVG interpretation of licensed/reference image: vector inspo/rordriftercube.png,Transparent vector canvas,Derived variant of vector inspo/rordriftercube.png,Artifact-pile object,Profile cosmetic; decorative site scrap,"Use as vector, recolor/adjust for identity; retain transparency; test small-size legibility",homepage candidate
175,vectors/team-plasma-logo.svg,SVG,900 × 900 (1.00:1),Cyan monogram in black shield,Hand-authored SVG interpretation of licensed/reference image: vector inspo/team_plasma_logo_by_excaliburzero_d7lj0i7-pre.png,Transparent vector canvas,Derived variant of vector inspo/team_plasma_logo_by_excaliburzero_d7lj0i7-pre.png,Decorative reserve,Profile cosmetic; decorative site scrap,"Use as vector, recolor/adjust for identity; retain transparency; test small-size legibility",decorative reserve
176,vectors/twewy-pin-lightning-rage.svg,SVG,120 × 120 (1.00:1),Gold/black textured circular pin with bolt motif,Hand-authored SVG interpretation of licensed/reference image: vector inspo/TWEWY_Pin_LightningRage.png,Transparent vector canvas,Derived variant of vector inspo/TWEWY_Pin_LightningRage.png,Collectible pin / artifact pile,Profile cosmetic; decorative site scrap,"Use as vector, recolor/adjust for identity; retain transparency; test small-size legibility",collectible candidate
177,vectors/twewy-speech-bubble-exclamation.svg,SVG,128 × 128 (1.00:1),Jagged black/white burst with exclamation point,Hand-authored SVG interpretation of licensed/reference image: vector inspo/twewyspeechbubble.webp,Transparent vector canvas,Derived variant of vector inspo/twewyspeechbubble.webp; punctuation variant of burst family,Changelog/new-content cue,Navigation sticker accent; collection icon,"Use as vector, recolor/adjust for identity; retain transparency; test small-size legibility",homepage candidate
178,vectors/twewy-speech-bubble-question.svg,SVG,128 × 128 (1.00:1),Jagged black/white burst with question mark,Hand-authored SVG interpretation of licensed/reference image: vector inspo/twewyspeechbubble.webp,Transparent vector canvas,Derived variant of vector inspo/twewyspeechbubble.webp; punctuation variant of burst family,Discovery/scrap cue,Navigation sticker accent; collection icon,"Use as vector, recolor/adjust for identity; retain transparency; test small-size legibility",decorative reserve
179,vectors/twewy-speech-bubble.svg,SVG,128 × 128 (1.00:1),Jagged white/black burst with !?,Hand-authored SVG interpretation of licensed/reference image: vector inspo/twewyspeechbubble.webp,Transparent vector canvas,Derived variant of vector inspo/twewyspeechbubble.webp; punctuation variant of burst family,Changelog/status accent,Navigation sticker accent; collection icon,"Use as vector, recolor/adjust for identity; retain transparency; test small-size legibility",homepage candidate
180,vectors/warframe-lotus-white-outline.svg,SVG,1050 × 979 (1.07:1),Thin white outline lotus/helmet sigil,Hand-authored SVG interpretation of licensed/reference image: vector inspo/warframelotus.png,Transparent vector canvas,Derived variant of vector inspo/warframelotus.png; color/outline variant,Decorative reserve,Profile cosmetic; decorative site scrap,"Use as vector, recolor/adjust for identity; retain transparency; test small-size legibility",decorative reserve
181,vectors/warframe-lotus-white.svg,SVG,1050 × 979 (1.07:1),Solid white lotus/helmet sigil,Hand-authored SVG interpretation of licensed/reference image: vector inspo/warframelotus.png,Transparent vector canvas,Derived variant of vector inspo/warframelotus.png; color/outline variant,Decorative reserve,Profile cosmetic; decorative site scrap,"Use as vector, recolor/adjust for identity; retain transparency; test small-size legibility",decorative reserve
182,vectors/warframe-lotus.svg,SVG,1050 × 979 (1.07:1),Solid intricate black lotus/helmet sigil,Hand-authored SVG interpretation of licensed/reference image: vector inspo/warframelotus.png,Transparent vector canvas,Derived variant of vector inspo/warframelotus.png; color/outline variant,Decorative reserve,Profile cosmetic; decorative site scrap,"Use as vector, recolor/adjust for identity; retain transparency; test small-size legibility",decorative reserve
183,vectors/yevon.svg,SVG,258 × 248 (1.04:1),Black curved Yevon glyph,Hand-authored SVG interpretation of licensed/reference image: vector inspo/Yevon.webp,Transparent vector canvas,Derived variant of vector inspo/Yevon.webp,Decorative reserve,Profile cosmetic; decorative site scrap,"Use as vector, recolor/adjust for identity; retain transparency; test small-size legibility",decorative reserve
184,Ventus's_Wayfinder_(Art).webp,WEBP,251 × 334 (0.75:1),Green star-shaped charm and ribbon,Kingdom Hearts / licensed game artwork,Transparent/cutout,Color variant of Aqua/Terra wayfinder art,Decorative reserve for a personal inspiration page,Collectible trinket reference,Use as reference for an original charm; downscale,decorative reserve
185,Wayfinder_(Aqua)_KHBBS.webp,WEBP,128 × 128 (1.00:1),"Blue star charm with brown cord, game icon treatment",Kingdom Hearts / licensed game icon,Transparent/cutout,In-game depiction of Aqua art; Terra/Ventus color variants,Collectible trinket candidate,Artifact-pile object,Trim and scale; original redesign for persistent identity,collectible candidate
186,Wayfinder_(Terra)_KHBBS.webp,WEBP,256 × 256 (1.00:1),"Orange star charm with brown cord, game icon treatment",Kingdom Hearts / licensed game icon,Transparent/cutout,In-game depiction of Terra art; Aqua/Ventus color variants,Collectible trinket candidate,Artifact-pile object,Trim and scale; original redesign for persistent identity,collectible candidate
187,Wayfinder_(Ventus)_KHBBS.webp,WEBP,256 × 256 (1.00:1),"Green star charm with brown cord, game icon treatment",Kingdom Hearts / licensed game icon,Transparent/cutout,In-game depiction of Ventus art; Aqua/Terra color variants,Collectible trinket candidate,Artifact-pile object,Trim and scale; original redesign for persistent identity,collectible candidate
—,vectors/README.md,Markdown support notes,N/A,"Explains vector provenance, transparent backgrounds and recoloring",Authored support file; not visual asset,N/A,Support file; not duplicate,Asset review/development,—,Keep as internal documentation; exclude from public UI,probably unused
—,vectors/dev-gallery.html,HTML development gallery,N/A,Preview page for SVGs on contrasting backgrounds,Authored support file; not production asset,N/A,Support file; not duplicate,Asset review/development,—,Keep as internal documentation; exclude from public UI,probably unused
